funny	user_id	review_id	text	business_id	stars	date	useful	cool
0	kzyLOqiJvyw_FWFTw2rjiQ	ByRzJ8rF2KJWLr-cUNU6EA	This place is horrible, we were so excited to try it since I got a gift card for my birthday. We went in an ordered are whole meal and they did not except are gift card, because their system was down. Unacceptable, this would have been so helpful if we would have known this prior!!	jQsNFOzDpxPmOurSWCg1vQ	1	2017-06-03	0	0
0	WZXp9-V2dqRRJqhGgRqueA	i5UwUPlQFPLcE8p2gPFwBw	"""For being fairly """"fast"""" food.. Pei Wei (pronounced pay way I confirmed haha) is pretty darn good. we got a few things to share. I had the Asian chicken salad and was impressed! There was a decent amount of chicken. Some more veggies would be nice, but overall pretty good. The steak teriyaki was great as well as the fried rice. Over all good was good! Nice, clean, and reasonable."""	jQsNFOzDpxPmOurSWCg1vQ	4	2015-03-26	1	0
1	XylT12exfdLiI_3uDLVIpw	EyQyvTTg2jX4or9bB8PC9g	I decided to try it out, I'm celiac and therefore can only eat gluten free...They have an easy to understand GF Menu with anything you can possibly want.I placed my order online and picked the exact pickup time. I cam and my food was ready for me. Driving home the smell in my car was so good I could barely wait to get home and try it - true umami!I got home and dug into the delicious spicy chicken and rice with sugar snapies and carrots. It was superb! For $9 I will definitely try this again! I did see a huge line at the store, so try doing an online order and pickup forsure!p.s. they even include GF soy sauce!	jQsNFOzDpxPmOurSWCg1vQ	5	2012-12-30	2	1
1	Ji9PeffxjwqPLO7pEfSpKQ	G-EFA005besj5uHsH0sQFA	"""I'm not saying Pei Wei is the best asian food I've ever tasted, far from it, it's a fairly large chain that puts on the appearance of something more refined, it's essentially to Asian food what Olive Garden is to Italian Food.With that said I've always had pretty good experiences with Pei Wei, the food although not spectacular is better than some of the overcooked chicken drowning in MSG offered by some of the local chinese restaurants.  the portions are good sized, the food is generally consistent, and the prices are really reasonable considering this is a corporate chain in some cases cheaper than the local establishments. or dare I say it's name """"panda express"""" (which is overpriced crap)the time before last that I went they forgot the tomato's and the dressing for an asian chopped chicken salad that my wife ordered, I didn't discover that the dressing was missing until I got home, I immediately called the restaurant and was speaking to a manager within 30 seconds. The manager apologized and asked me If I would like to come back to the restaurant or if he could have my address so he could send me a gift certificate. I decided to go back to the restaurant, when I got the restaurant I told the person at the counter my name and they already had a bag set aside for me, the manager came over and explained to me there was another full salad in the bag, and he put additional dressing for the salad we already had, and additionally he gave me a coupon for free lettuce wraps.(which mental note: I need to use)I must say I was impressed with this manager, and it was refreshing after being in situations where a manager has taken back the bag/plate and essentially """"un-F$@k's"""" your food and returns it to you.Overall great customer service, consistent food, and a good option for takeout in surprise."""	jQsNFOzDpxPmOurSWCg1vQ	3	2009-01-12	1	1
0	TLIWzAJPrET0zX4_vgvLhg	6PcJSGUBSLjt4VLXos5C4A	Sometimes the food is spot on and delicious and other times it is quite salty at this location.  Very difficult to get a consistently good meal.  Menu items add up quickly.	jQsNFOzDpxPmOurSWCg1vQ	3	2015-07-11	0	0
0	JZEiTNWBwmv6MOOXYCAaMQ	PFJmyZD_lNBa_Y3kbX1VvA	Decent customer service but the food was awful. It was cold and had no sauce at all. I was expecting it to be good but this place really went down hill. I will never eat here again.	jQsNFOzDpxPmOurSWCg1vQ	1	2015-05-27	0	0
1	E56sVQT5-OWfSejJrma8_w	_Qv1FQUToLrKMuG6pV4Gzw	Super clean restaurant and friendly staff. FRESH food. Hasn't been sitting under heat lamps. NO MSG, this is the good stuff. I have to have the Kung Pao Chicken weekly.	jQsNFOzDpxPmOurSWCg1vQ	5	2015-02-28	1	1
0	4WYICo4emecA9r7sPYQkBw	s2mlqrFNaPEGtcnEu3EJ4Q	Found this the other night.  It is the PF Chang fast food option and it worked perfectly for us.  Limited menu, but lower prices. Very basic decor, but clean and fast seating.  Lettuce Wraps just as good as Chang's.  Very busy, especially the take out.  Glad to have it close	jQsNFOzDpxPmOurSWCg1vQ	4	2010-04-05	0	0
0	P8mVj7AZwJTFFH5FXbbmUg	oiSzZRrbi3y01_wqU528ZQ	The staff here is great and they're nice,  wonderful and quick. People were ranting in raving about pei wei, I had to try it.  Even good yelp reviews.  I'm highly dissatisfied with the flavor of the food. This  should be labeled Asian inspired and not Asian. I've tried a variety of Chinese restaurants, this doesn't taste close to anything I've had at other Asian restaurants. Their Mongolian beef  was 5 pieces of beef and large mushrooms cut into thirds in a thick sauce. You eat the rice to wash off the nasty flavor. My shrimp was thickly coated in an overpowering  sauce as well.  I only ate some of the veggies that take center stage on a meat dish.  The center of my pork egg roll was cold. The hot N sour soup was a much thicker consistency almost like that of a chili instead of being brothy. Worst of all was the price.  This was not worth it to us. Neither me or my husband enjoyed either of  our dishes.  We didn't even eat half of our plates.  We even refused to take it home with us.  If you like and enjoy what typical Asian food tastes like,  don't waste your time here.	jQsNFOzDpxPmOurSWCg1vQ	1	2015-05-22	0	0
0	7Y4NEBQqWg7j-TvrQi6UZQ	4BPjRE9VI0HhyZzyyYv0BQ	I had the garlic ginger broccoli chicken and it was not very good. The broccoli was hardly cooked and the sauce was way to sweet. Everything else was great. I will give them a few more tries before I write them off as another crappy Asian restaurant in Surprise.	jQsNFOzDpxPmOurSWCg1vQ	2	2011-06-15	1	0
0	vgZqQqe8cj6SBMH0EqDliw	kznHtw1Qido_9GX6sDQPJw	This review is based upon consistency of flavor and great customer service.  We came and there was an unknown issue that required a 25 minute wait for food.  The employee notified us, and although hesitant, we decided to stay.  We have been here numerous times before in the past years so we are familiar with this location.  The employee was apologetic and gave us a free drink.  That was a simple gesture but rarely do you see decent customer service anymore.  We received our food and had an issue with an incorrect order.  It was explained and the issue was resolved quickly.  They gave us a free appetizer.  We do not expect perfection, nor free food.  This restaurant cares for customers and works to provide a positive experience.  We would return again because they have good food and they care.  That is a rarity in today's restaurant culture.  Kudos to the manager for creating this culture.  Ordered- fried rive and Tofu, edamame, won ton soup, dynamite chx, and Thai curry chx	jQsNFOzDpxPmOurSWCg1vQ	5	2017-03-12	0	0
0	O7G_c6wFXSygr82qs0GAcA	HWRTVn3Lc-RwN6udv4WJzQ	I love this place i'd recommend it to anyone ! We always order it togo and it never disappoints! The food always taste fresh and is always ready on time! Definitely our favorite lunch spot !	jQsNFOzDpxPmOurSWCg1vQ	5	2016-12-19	1	1
0	UG4EKu13JRwzRix6ESINdg	GiEB_A-m9HuX521WQNbL8w	1st! Place is not closed. There was an issue with legal workers in the franchise chain. Now they are back! Food is one of the best! Especially their chicken mango! Daughter is a huge PF Chang fan, so she loves this place also! Her favorite is their Mongolian beef, and noodles! They are always coming up with something new, so you may have to try them more then a few times.	jQsNFOzDpxPmOurSWCg1vQ	4	2011-08-10	1	0
0	ZZG6yR27lIy3xwUYVgHO7w	GKi4i6qocIgaYcwv1_0zzQ	Definitely not a fan. Coming from Orange County, CA, I have high expectations when it comes to Asian food.  Suffice to say that Panda Express would have been a better choice, which is pretty sad.	jQsNFOzDpxPmOurSWCg1vQ	2	2013-06-17	0	0
0	1YorWW0Z-YDuYC5GplNabw	OrhWg2MmCznwfKfjHKvuhA	Pretty good, not great. Definitely overpriced. It's barely a step up from Panda and not worth the price difference. Not saying it was bad, but $25 for two basic dishes is a bit much and they didn't make the order how I requested.	jQsNFOzDpxPmOurSWCg1vQ	3	2015-11-03	0	0
0	ujOPJEz_KxzAyZDnji-2Ng	QXWku_OB3FCj9VCZfUZwwg	I wish I could give 1.5 stars. Nothing special. Lack of flavor. The entrees were either sweet or spicy. The crab Rangoon were.....different. The filling had a mealy consistency. Friend rice was bland. Plenty of other places to spend 50$ on takeout. Save your money.	jQsNFOzDpxPmOurSWCg1vQ	1	2017-07-08	0	0
0	6aEUn50d3Ts7MiGu6WdpKA	5NtaW5EwXK595kP4Ynnisg	Disappointed that on yelp their hours show them open at 1030am but when you arrive they don't open until 11am. Waiting in the car to pick up a large order makes me think twice about catering from here. Don't get me wrong the food is great as always but they need to fix this.	jQsNFOzDpxPmOurSWCg1vQ	2	2015-09-22	1	0
0	R6vb0FtmClhfwajs_AuusQ	ai6O4UqqDqnjO7gfz6jBkA	1st visit had the lo mein...delish!  2nd visit had the teriyaki...fine if you like salt.  Ick!	jQsNFOzDpxPmOurSWCg1vQ	3	2012-10-08	0	0
0	CPuUagT2rfUJm6hRgxn3JQ	ZrvsD7PSyPolII3gp4-uHw	As a vegetarian, it can difficult to find places with good options, but I love getting a tofu bowl at Pei Wei. The first time I had it, I had to double check because it looks and has a similar texture to meat, but it's great. I love going to Pei Wei	jQsNFOzDpxPmOurSWCg1vQ	5	2015-12-28	0	0
0	OYRBjBWy1uOm12N3cokS_Q	p7OqbXTjwmIN_XYohB6TFw	Typical big business chinese place. Slightly fancy but very average food. Kinda like a fast food place.... you walk up and order then get your own drinks etc. Portions are very small. Prices are higher than average.They offer a few different vegetarian options but it all tastes pretty baddo yourself a favor and also support a local business and eat at big buddha around the corner. Its much better food	jQsNFOzDpxPmOurSWCg1vQ	2	2009-11-18	0	0
2	PKZLwAGgBtQCjJtGhyPETA	ukpjwnetF5wGhGrSXmPRwA	I love Pei Wei since it's just a bit more affordable than PF Changs.This is the first restaurant in the chain where I found patrons tipping the servers. Although I don't mind leaving a dollar when it's due I find it hard to do when they don't do very much, especially since it's more of a counter service experience.	jQsNFOzDpxPmOurSWCg1vQ	4	2012-07-29	1	2
0	9bJ6j0zrV1XSiSnzQWM5Tw	mT6U5lujK_zIcIqux92seA	Great fresh food and clean restaurant. Friendly and very accommodating staff. I'm a frequent visitor. This is a sister restaurant to PF Chang's, but without the formality or higher prices. Great place to eat if you want the same style foods as PF Chang's, but a more laid back environment without the need to dress up or spend more.	jQsNFOzDpxPmOurSWCg1vQ	4	2016-06-19	1	0
0	8nCmV4RMwf4GpaN-A_2Tfw	YxAxExTdWtdMhEb14RGFRg	This is pretty good. My wife and I usually split lettuce wraps and an entree of some sort. It's convenient to be able to order take out online. Overall, if I'm really in the mood for chinese food I'm going to make the drive a little further out to Big Buddha on Greenway and the 303, but this is a good substitute as it's about 1 minute from my house.	jQsNFOzDpxPmOurSWCg1vQ	3	2012-08-23	0	0
1	tbAQMMVlhxvXhe6KifrZ-A	ue6ts-gA9khywe76lEL1Kg	"""Food is good and consistent and the service is always great. I've never dined in, but get take-out fairly often. I love being able to just say """"same as last time"""" when I call it in. Not as good as PF Changs, but certainly better than most other Asian-ish places in Surprise. Be aware that they use shitake mushrooms is almost everything, but they are fine with custom orders if you don't want them. All in all, it's not my favorite place, but I always enjoy it every time."""	jQsNFOzDpxPmOurSWCg1vQ	4	2009-06-25	2	1
0	1s0Q1KwGpJIKvD-SRSpwjw	WsTYqsyNyUd7xpwFrgwI0g	"""The hubs and I dined at the Glendale location about two years ago. i guess we were hoping it was like PF Chang's....but unfortunately were dissapointed.We discovered the Surprise location a couple weeks ago and decided that tonight we would grab a quick bite. The hubs ordered Mongolian Beef (his fav at PF Chang's) and I ordered my """"tried and true"""" Ginger Broccoli and Chicken."""" Of course we started with the Lettuce Wraps because honestly...they are just the most delicious things ever!Tonight we were pleasantly suprised that the food was quite delicious. Although the dishes are EXACTLY like what you would get at PF Chang's they are scrumptous in their own right. The only downfall is that the noise isn't conducive to conversation.  I haven't been to an establishment this noisy since Buca de Beppo's...which I love (don't get me wrong)!  But I will say (on a positive note) that the customer service is fabulous! Something that can be hard to come by at times...As for price....$28 bucks for the two of us including an appetizer, two entrees and two drinks. (coke and iced tea...with free refills) Seems a bit pricy to me but honestly....EVERYTHING is expensive now days. Overall, try it out...they offer take out too so you can enjoy great food in the comfort of your home....without all the noise! (or they have a patio you can dine from)"""	jQsNFOzDpxPmOurSWCg1vQ	4	2008-10-06	0	0
1	-0kiduTUToVYFqN_NEqMSw	g9yv-M3kvOQFPyJHCjUrdg	Very clean and staff is always friendly. I usually order the honey seared chicken but decided to switch it up. I ordered the Thai dynamite and it had a weird, almost chemical taste. I will go back but will stick to my usual order.	jQsNFOzDpxPmOurSWCg1vQ	3	2015-03-17	2	1
0	KrQ_dWOBn2voaQLNv7hj8A	fk8OI26dAhQfot46T_SXWg	"""If I could give no stars I would. My family placed an order to be picked up and were told to be there at 7:20. We get there and I sit waiting for the food until 8! Nobody acted like it was a big deal when I told them and just said """"oh.... Well we are running behind."""" Um okay?! We get home and they forgot to put the crab puffs in my bag. Didn't bother going back and moved on to our meals. My honey glazed chicken was average, edible. My husbands sweet and sour chicken was so soggy it was disgusting! Couldn't even eat it. My daughter loves fried rice and wouldn't even eat hers, it was so greasy. We all ended up eating PB&J's and it was 100x better than anything we brought home."""	jQsNFOzDpxPmOurSWCg1vQ	1	2014-04-22	0	0
0	2L_1kyJDOkEaPDiBRohx9w	ld06EwR5YyutWxud9ude0Q	I went to Surprise Pei Wei Restuarant tonight on Bell.  This was my first visit to a Pei Wei.  I was very impressed with the atmosphere, food and staff.  The chicken teriyaki with fried rice was DELICIOUS.  The spring rolls were delicious too!  Your Pei Wei location is my new fav restaurant..	jQsNFOzDpxPmOurSWCg1vQ	5	2016-05-07	0	0
0	xlkjaJUu2fVojeaaVgQPOw	CxVx2FD73kw--RuzXL_RVA	I like Pei Wei overall and enjoy their varied menu selections.  The food is good and fresh.  Sometimes it's hard to find a place to sit though.	jQsNFOzDpxPmOurSWCg1vQ	4	2014-05-03	1	1
1	alTlRb9qMBX11pARX05Big	jJaU6pbKkYgl15P-5zfg3A	Everything was good except Thai chicken wraps. Too much cilantro, absolute overkill. I think long stems is just yucky, cut them off!! Korean beef was ok but just missed the flavor I'm used to in this dish. Service is always spot on.	jQsNFOzDpxPmOurSWCg1vQ	3	2014-05-29	0	1
0	e--whH51bx5mDaMo3aJ-hg	7M2GCeIba1uTJMJbVO7TKw	I really don't understand how anyone can eat the food from here.  Granted, I am Chinese and enjoy authentic food, however I like good Chinese American food.  For someone who usually doesn't leave food on her plate unless it is really bad, I could not finish my meal because it was tasteless and below average.	jQsNFOzDpxPmOurSWCg1vQ	1	2009-12-10	1	0
0	Ns0hZ0xDOuVRMpHk0Q-5Yw	pxs5biP-IzmjXZpoh-iVHg	Went in for lunch with a coworker today. The small portions are overpriced and really aren't small-half would've been more than enough. We were served quickly and the staff was friendly! The restaurant was clean and tables were bussed quickly. I was disappointed with my Mongolian chicken. It tasted more like Teriyaki and was swimming in sauce. I had at least a 1/3 cup of sauce left on my plate after eating my food.All in all, PeiWei's food will be why I don't return anytime soon even though their staff was excellent and so was the atmosphere.	jQsNFOzDpxPmOurSWCg1vQ	2	2014-10-01	0	0
0	SM20gx7YH0GtI5JOXhfXdg	DW0B2tlav4Z7T1DTzAL7kQ	The food is great and customer service is the best! The Dan Dan noodles are dynamite but they come standard pretty spicy...  I placed a pick up order by phone and asked for them to be mild, but they ended up being  spicy!  When I got home and tried to eat them they were too spicy.  I called in and spoke to the manager and he took care of it completely and replaced the order for me at no charge!	jQsNFOzDpxPmOurSWCg1vQ	5	2015-07-13	1	0
0	R-kL1bocHgP4GW7Mgd-ZXA	nI2rhDM2CgNazMdhiODoRQ	OH MY GOD, this place. I used to like Pei Wei until I moved to Surprise and this location ruined it for me. They consistently screw up on orders, have huge wait times, and run out of key ingredients on an alarmingly regular basis. We just spent an hour waiting for a take out order (kung pao veggies and vegetable fried rice), which was twice the time they quoted us, only to be told they were out of WHITE RICE (how does a chinese restaurant fail to foresee the possibility that they might serve a lot of white rice on a Saturday night?!). I may have chosen to stick around the extra 15 minutes if they hadn't already had to re-make half my order after making it incorrectly the first time. When I change up an order even slightly to accommodate for allergies/dietary needs, they have to re-make it at least 75% of the time.If the food was consistently delicious, I'd rate it higher, but honestly, it's only okay.	jQsNFOzDpxPmOurSWCg1vQ	2	2016-02-14	0	0
5	6jz_Yr6_AP2WWLbj9gGDpA	sb7iYaCc6ggpShtElkcwiw	My wife wanted to try this place for awhile now.  One of her brothers friends used to be a manager of one in Colorado too.  Tonight we decided to try it out.I placed my order online.  Easy process.  My wife went with an order of Chicken Lo Mein and I went with Sesame Chicken/Steak with fried rice as well as an egg roll and 2 pot stickers.  Total for everything was $24.80 after tax.  I drove down and picked up my food.  The manager their was friendly, rang me up real quick and I was out the door in no time. This bag was heavy as hell too!   Here is how everything tasted.....................Chicken Lo Mein-  Only had a little of this.  Good noodles, good white meat chicken.  My wife liked it.Sesame Chicken/Steak-  I decided to try out 2 kinds of meat.  They let you mix and match which is cool...they charge you for the highest priced item.  I substituted fried rice for white rice (.99 cents extra).  This was touted as soy citrus glaze, red bell peppers, onions, scallions, ginger, garlic and chile paste and sesame seeds.  It was just alright.  The flavors didn't really do much for me.  It was a tad spicy from the chile paste but overall it was kind of bland.  I had some pieces of steak/chicken that were a bit funky too.  I would definitely try out a different dish next time here...if there is a next time ;-).  The fried rice was good!Egg Roll- Eh.  It was an egg roll.  Nothing fantastic about it but it tasted fine.  It came with a sweet mustard dipping sauce which was pretty tasty.  Usual fillings of pork, veggies etc.Deep Fried Pot Stickers-  I got 2 of these things.  They were good.  Small but good.  Straight pork filling in the middle of them.  Overall it was just alright.  I will say that they give you a GRIP of food.  The 2 entrees we got could have easily fed 1-2 more people.  For $24.80 it was a great value.  The food just wasn't the type of thing that  you would ever crave and keep you coming back though.  While I was eating my meal, all I could think of were better Chinese food places I have had before....wishing I was eating them instead.  It filled my belly, service was friendly and the value is definitely there.  I'll probably give them another try and order some other dishes to see if there is something I really like.  We shall see............	jQsNFOzDpxPmOurSWCg1vQ	3	2015-02-12	7	6
0	UXZDRVdx8eJqdqb13Bcfcg	j51qEbi4hMm6WHGlkt57xg	Haven't eaten at this location in particular, but in general the prices are high for what you get.  It's nothing special and any other Chinese place in the city can probably beat it in the price/quality area.	jQsNFOzDpxPmOurSWCg1vQ	2	2009-01-24	1	0
0	EKTCccgwn9MAIDNSsDwuIg	fKCizCcgm5lrdh0fxnOplg	Always on point. I get the Carmel chicken.. The crab wontons are a guilt must have. And I love there  tea too. Ate her for two years and always pleased. Thx!	jQsNFOzDpxPmOurSWCg1vQ	4	2014-08-28	1	0
0	rHP3q9Ok1qu9_tJmIy4i9w	TGG8n3Cb3klpPdamJ88owA	I love Pei Wei. The food is delicious. The atmosphere is chill. The restaurant was clean and staff friendly.	jQsNFOzDpxPmOurSWCg1vQ	5	2015-11-01	0	0
0	bwElUOvj3cIjMp2qp4vjeQ	hQCBUqXmVB2QuQ2MVv3Apg	Came here with my friend today cause we were starving and decide to go whichever next place we saw. And we were very surprised at how pretty the inside of the restaurant looked. The decor was amazing. I ordered the Japanese teryaki bowl vegetarian style and it was amazing. I loved the tofu and the brown rice and the veggies. My friend ordered the lo mein and she loved it. We didn't finish due to the fact that the portions are huge. (we didn't know it was a like share the bowl type of place, and when we figured it out we didn't do it because hers had meat). But overall this place was amazing. The employees are very very nice! And this place is vivid and just amazing. WAY better than panda express. I will definately come here again, and recomend it to everyone!!!	jQsNFOzDpxPmOurSWCg1vQ	5	2010-01-10	0	0
0	C38sl6tI_DVrpL5sg4Kmfw	P8h9lk3qwwzaYgM4ueCeqA	Very consistent food. Definitely a second best to P.F. Chang's.	jQsNFOzDpxPmOurSWCg1vQ	5	2010-07-04	1	0
1	cs6biPoaG9SmtVB44hU9Sw	LP1OdCHa7DMVpbLhB4dgMg	Service is fast and on time. Love the online ordering-very convenient!  Food is always hot and delicious. However...NO FORKS FOR TAKE OUT?  That is poor management. Either you didn't order in time or there was a problem with the order...either way, hustle your booty to Walmart and buy a couple boxes: Unacceptable!	jQsNFOzDpxPmOurSWCg1vQ	3	2015-10-29	2	0
0	1fMDrDfB3IHPCka9SeSHsA	_laP3dAOE--w6JMCG4HFjg	The food was fantastic! I highly recommend  the lettuce wraps.	jQsNFOzDpxPmOurSWCg1vQ	4	2013-06-21	0	0
1	zLt0Qu_98ZGObYBTcG7jRQ	RMuW5m75o_5RgL2mTMfg2g	Then we went to dinner at Pei Wei. Not bad for an Asian fusion place. Filled with senior citizens, but that's not all that surprising. I had the Mango Thai Shrimp, apparently, which was good. Right amount of spice in the dish. Not too heavy, either. Steve and Chris had their own plates as well, both of which looked appetizing. Not crazy about the moderate wait nor the fact that strangers came up to the table with unnecessary parenting advice for Steve and Chris.	jQsNFOzDpxPmOurSWCg1vQ	4	2010-07-02	2	1
0	33h6CGtB9MSYHi0-kbXMhw	9-mx4vAByTMxJDrLfNZZbA	We use them to cater family get-togethers. Love the vegetarian dishes, especially the baked tofu- yum!  The Mongolian beef is a favorite with family.  When we dine in we always get the lettuce wrap.	jQsNFOzDpxPmOurSWCg1vQ	4	2012-09-11	0	0
0	mCE5jUDzP-ihU_6cwQsiiw	FxAxYxj5SbiOtcK36bJxCA	We went as a family of 6 and was treated very poorly by the manager at the  place. The food was greasy (I guess most Americans would love it since they don't see the difference) The manager had the audacity to compare this restaurant with PF Chang which is equally greasy and bad. I wouldn't recommend this place to any health conscious people. To top it all its expensive. Go to taco bell or China Panda and save your frustration and your appetite. Just being fancy is not the attraction motto for me. Maybe they will train their managers to change the attire of the restaurant. I wont waste my time here.	jQsNFOzDpxPmOurSWCg1vQ	1	2011-02-27	0	0
0	gRhtEXoxVpaccgvr3OkC0A	0sRld5Hk0O6JUGKpPlWgPQ	I love their food. I have gone there multiple times and still think it's great. I especially love their soda machine.  The Mongolian Beef dish is my absolute favorite.	jQsNFOzDpxPmOurSWCg1vQ	5	2016-05-31	0	0
1	ljGTQD_-yC4iXievtgCsbA	g9IdtJr5oVv4Df0nY_IPng	We are winter residents and always look forward to eating here when we return.  Sorry to say we were quite disappointed with our Pad Thai orders today, so much sauce that it resembled a thick soup.  The egg ingredient seemed to be overlooked and was in big slices rather than smaller curds,  when I asked a server about the sauce he replied that it wasn't really sauce but that the rice noodles were too wet.  Either way, it was not a pleasant dish today.	jQsNFOzDpxPmOurSWCg1vQ	2	2015-01-21	2	1
0	faaOI6hU64h6SSaF0f11eg	i_g131Z2mXHBSSm5erJZbw	Very tasty Chinese food!  The prices are reasonable and serving sizes are generous.  I really enjoyed the Mongolian Beef!Dont forget to grab a fortune cookie from the bowl on your way out!	jQsNFOzDpxPmOurSWCg1vQ	3	2009-10-06	1	0
0	d6om2E23bPoZFWzLss-rrA	pta_2pIbHJhx_XM1-rIHzw	All around great flavor and portions. Perfect for take-out always consistent the fam eats here about three times a month never had a bad meal.	jQsNFOzDpxPmOurSWCg1vQ	5	2010-10-04	0	0
0	O2U5kLpXDY-xjDppJ7d_Nw	Ty2JjQqEZrmbSO7eFwlyiA	The vegetarian options are pretty good, especially if you like tofu. The restaurant was out of napkins the last time I was there and the staff was friendly. I would recommend the take-out option versus dining in though.	jQsNFOzDpxPmOurSWCg1vQ	4	2008-12-02	0	0
0	5zkRD7dv8GqysVCvwPr-Ew	hZsxP7BZi8seJQRKw6hxEQ	Pretty good food a chain. You do get a lot of food for the price. However, every time I have ordered online there has been a mistake. Sometimes they tell me they never even received my order when I received the confirmation email. Also, if you in during a busy time and have a teenage girl as a cashier, you're chances of having a pleasant experience with her are slim to none. This has happened to me multiple times with multiple different cashiers. I have spoken to the manager and he is always very apologetic, but I guess you just can't get stressed teenage girls to be nice to customers. I will continue to go here as the food is good for the price and they are relatively quick with preparation. Nice options if you're veggies as well.	jQsNFOzDpxPmOurSWCg1vQ	4	2016-02-13	0	0
1	Ov-0pRQxz5fTTElFE-WtTQ	1GVnTlLTCeR6Ew8z2D1EFw	What can I say, I'm a sucker for Pei Wei.  When we lived in California, I heard the place was shut down.  Glad to move back and see it open.  Take out rocks, call ahead.  They remember your phone number and name, so when you call they already know you.  They also save your last order to ask if you want the same, or to add anything to it... Nice touch.  I think I eat there too much! The only thing I don't like, and I think I'm the only one who doesn't like it, is the soda machine.  Only because I always get a soda after someone has pumped out some nasty combination of orange soda and root beer, then I can taste it in my coke.  Wish they had some filter system.  Otherwise, I could eat here daily.  Find me here at least once a week! :)	jQsNFOzDpxPmOurSWCg1vQ	5	2012-07-08	2	1
0	QZmG0pJlPQUq0PudwDKI5g	lHZziOQQYBGuyx11nCGSnA	"""Took the family there last week.  Ordered fried wontons, sweet and sour beef, Mongolian beef, honey crusted chicken and pad Thai noodles.  The Mongolian beef was delicious, however the white rice was undercooked, some of the rice was hard still and crunchy.Honey crusted chicken also quite good, same story with the rice.  Same thing with the sweet and sour beef.Ordered the Pad Thai without peanuts... Son is allergic to peanuts so we made it very clear we didn't want anything with nuts.  They deliver the pad Thai with peanuts all over the top.  Sent it back and they fixed it.They brought us spring rolls which we did not order.  We said they were not ours we ordered wontons.  They bring us the wontons a few minutes later.  The wontons are less expensive than the spring rolls, we point that our to the guy at the register and with a bit of smart-alecky-ness says that he """"let us keep the spring rolls"""" and """"didn't charge is for all of our drinks"""" as if he did us a favor.Overall the food was decent, the rice was terrible and the attitude of the cashier was not what I expected with a $65 food order!!I wouldn't go back for that price and food quality but perhaps we caught them on a bad day.."""	jQsNFOzDpxPmOurSWCg1vQ	2	2013-05-23	0	0
0	iSWxqsVgkzn_I3t5pAw66w	hUnVNj83RehIogPzxKkR9w	I love the food and the containers it comes in. We eat there sometimes and also carry out. My favorite is ginger beef broccoli! Thank you for the emails especially. I really appreciate it	jQsNFOzDpxPmOurSWCg1vQ	5	2017-04-07	0	0
0	DAIpUGIsY71noX0wNuc27w	wmoivnocytzFnsJaB-5RIA	"""Pei Wei has become a favorite """"take out"""" spot for both myself and my girl friend.  We drive a little further than the local Taco Bell - KFC combination fast food stop, but to eat healthier it is certainly worth our time. Yesterday, after our Silver Crafting Class, we drove the 2.4 miles and not only enjoyed a relaxing healthy lunch, but then purchased """"take home"""" orders so we would have our evening meal in the refrigerator waiting.  (I brought my husband home an order of his favorite Kung Po Chicken with brown rice.)  If you haven't give Pei Wei a try, stop in some time. I believe you'll enjoy it -- that is, IF, you enjoy Asian dishes."""	jQsNFOzDpxPmOurSWCg1vQ	5	2016-03-17	0	0
0	t9lwePmlZ7Sl_wiw9SFSrQ	ZUKo5tY7ZXqzF8-Uu0R8Rw	It's just above average.  Portions are decent and cost was ok.  Got in and out fast by phoning our order in.  Good was ok, it didn't floor me but it didn't make me not want to there again.	jQsNFOzDpxPmOurSWCg1vQ	4	2015-08-08	0	0
4	p_azadim_uWFOXAhhKB3ag	l8cGGc6AaHCj8XomkYRzAw	In Surprise this is probably the best Chinese offering which isnt saying a whole lot. I really wish there was an awesome offering out there in terms of Chinese food.. Mexican food, oh yeah, some very good places mostly but Asian, youre better off staying at home and cooking. We ordered the Asian Chicken Salad, chicken was old and had that old gross fridge taste.. Dan Dan Noodle, the noodles were over cooked and stuck together as one large soggy noodle.. Curry with Tofu, the curry had a weird perfume taste.. the honey chicken was pretty good as well as the hot and sour soup though neither made for good leftovers. With Surprise having so many chains it wasnt surprising to see one of these finally opening up.. a far better choice than Panda Express.. kind of sad, huh?	jQsNFOzDpxPmOurSWCg1vQ	2	2008-11-27	8	6
1	GG9tAoEC9sMa_DokSkkImA	kAA5n5ie00OFi0w0K53WSA	"""Pei Wei is the fast food version of PF Changs. There's a long and interesting story surrounding Pei Wei and that of PF Changs. Let me just say that, a man named Paul Fleming (PF) and (Flemings) is responsible for many of the restaurants that you and I frequent. His ex wife and him went through a bitter divorce her nickname is (Flow) and she operates """"Flows,"""" Chinese restaurants. Flow is Chinese and married another Caucasian man 20-25 years younger than her, who speaks fluent Chinese. Anyways, Peiwei's in my opinion is overpriced for the small amount of you receive for the consideration you give. In other words, there's no value for your consideration. Yes, I do enjoy the PeiWei Spicy chicken, extra spicy with water chestnuts, but at $12.53 for the water chestnuts and extra chicken, it's just not worth it. The rice is almost always dry and is cooked incorrectly in massive amounts, as well as being a long grain, not short grain rice. NOT WORTH THE MONEY!!!"""	jQsNFOzDpxPmOurSWCg1vQ	3	2017-06-10	5	3
0	cPfnF9PAvVjamEdZM3wTzA	k53Lj6HucbPbqZWYNFoBsg	I love the lettuce wraps here. They are simply the best.  I order carry out often from here. I occasionally dine in.  My problem with the dinning in is the seating. It is always difficult to find a seat.  The place really needs to expand.  If you have a party of more than 4 most days you can hang it up.  Other than the seating I like it. Large portions of rice and noodles.  A little stingy on the meat.	jQsNFOzDpxPmOurSWCg1vQ	4	2013-04-26	0	0
0	MFKjHdwguK0kDzNteF07_A	ULJhNKA4iikk9fVyvfPHqA	"""Just dirty ... Sometimes I wonder why we come back here. At the register the girl handed me a cup. There was particles of food on the inside. I handed it back and said """"It's dirty, I'll take a different one."""" She put the dirty cup back with the other 'clean' cups. I stopped and restated """"No. It's DIRTY, you probably shouldn't give it to someone else."""" (Shaking my head)"""	jQsNFOzDpxPmOurSWCg1vQ	2	2014-12-27	2	0
0	e3S63222bmnlIYLi2DCeQg	En6K7NF2Sqxjc3NKLjx0cw	Hot,vegan,carbo load You name it and they have itPricing is reasonable  and quality excellent No disappointments hereFive stars for the food We try to stop by monthly	jQsNFOzDpxPmOurSWCg1vQ	5	2017-04-23	0	0
0	GjxM-LmQcta13_DiUniVgg	uiSS0Hd9L4krCvwX0jMugg	I eat regularly (3-5 times a month) at Pei Wei, usually in Scottsdale or North Phoenix. My wife's doctor is across the street from this Pei Wei, so we have been stopping in when we go to her baby check ups. It is, without a doubt, the best Pei Wei I have eaten at. It is consistent, they don't get frustrated if you customize your order, and the cooks on always on point. Wish this location was closer!	jQsNFOzDpxPmOurSWCg1vQ	5	2016-03-02	0	0
0	C_DEhSnhqFbtJcPb39FALA	z30Tv_MrQzEow6WjLFmtXQ	This Pei Wei location has such kind, welcoming staff. They are so accommodating and hospitable. 5 stars, hands down.	jQsNFOzDpxPmOurSWCg1vQ	5	2017-06-12	0	0
0	wsDiT-IGGM8tvlaMwf1zwQ	EvlwP4hCwnFdQyUvC6RFVQ	Pei Wei is a fast, easy, cheaper PF Chang's - and that's what makes it great! If you like the tofu dishes at PF Chang's, you'll love Pei Wei. The food here is great. The service is exceptional. And the portions are huge! I usually end up taking about half the food home with me. Also, compared to other lunch spots near by (like Paradise Bakery), it's really not all that busy. Of course, it's not authentic Asian food, but you shouldn't be expecting that when you come here anyway.	jQsNFOzDpxPmOurSWCg1vQ	4	2009-01-19	0	0
0	LSNwKpMPDsTjaAZEq5ud2Q	mgNBEZoEznL5VYGAUmyAWQ	The problem may be that I lived in the Bay Area for 30 years. There, bad restaurants expire in less that a year.  Pei Wei wouldn't last very long.  We had the Mongolian Beef and Kung Pao chicken.  The beef was in a salty, sticky sweet brown sauce that rendered it almost inedible.  The Chicken had little spice or sauce, although the pea pods were fresh.  Think Panda Express. Food is not serve family style. Food is ordered at the register and brought (eventually) to your table.	jQsNFOzDpxPmOurSWCg1vQ	1	2010-12-29	2	0
0	d5xWk1GosWpEP7pGfLzh9g	UQ68U4Z2JAhuBMOrAv1AGA	"""First time ever giving a review but felt it was necessary. I'm just gonna go all in and say it... Pei Wei sucks ass. It seems to be subjective, I know. But in comparison to legitimate Asian food, wheather that's credible Thai, Chinese, Vietnamese, etc., I'm not sure how anyone can make a compelling argument that Pei Wei is """"good"""" food.. The crab wontons are usually a sure bet at any Asian restaurant but for some reason it just always sucks ass here. Fishy weird taste that's contrary to what they should taste like and the sauce is garbage. Teriyaki Chicken was bland and shitty. Pei Wei Spicy dish was average at best only cuz of the sweet sugary sauce that masks the overall flavor. Now my girlfriend and I just feel like shit.. Why? Cuz it's shitty food. Also saw on the local news that the location on Glendale and 7th st. had 4 health code violations. I'm officially done with this place. Spend a couple extra bucks and go eat some authentic Asian cuisine at a family owned restaurant that actually knows how to cook real food.. Not some corporate food chain bullshit.. Thank you for reading and bless your heart."""	jQsNFOzDpxPmOurSWCg1vQ	1	2016-08-28	0	0
0	F783ardridpj3owUMHg-Fg	wFP3lpVdl03_NxZoXL4Pzg	The wait time for the food was way too long- 30 minutes for a bowl of spicy noodles with some veggies. I'm a guest from out of state but this is nothing better than my local Panda joint. They should probably let the customers cook the food cause we could do it faster. The food was okay but the portions were a bit big. While I was waiting for the food (+30 min) I noticed a lot of people just ate a few bites and left the food on the table. So much food wasted- there must be a reason for that right?? The bathrooms weren't clean, barely had soap no towels and toilet didn't even flush!! I hope next time I'm down here that it isn't this bad.	jQsNFOzDpxPmOurSWCg1vQ	2	2015-11-07	0	0
0	hxhKA0q9jLxTfUdg1LM9Bg	0udTI0_Iy32PVH5ASUjfpA	I ordered the teriyaki bowl and it was great food for the price.  Quite impressed by the variety of options on the menu. Not sure if this location was the one I tried.	jQsNFOzDpxPmOurSWCg1vQ	4	2010-11-19	1	0
0	IFBx9nPxyomWzj_2prR6bg	ylXGqKJWJkwCwO-mhKh12A	Absolutely wonderful. This place is clean, the staff is wonderful and go out of their way to help you. They stay a step ahead of you and get what what you need. The food is perfect! I have eaten here many many times and it has always been fresh, hot, and delicious! I highly recommend this place, 100%!	jQsNFOzDpxPmOurSWCg1vQ	5	2015-03-15	0	0
0	RhDwmkLWmC1SGF0VPV7xYQ	mUgMtcicQR39CJX9FCchTg	Service is a 4  . Very sloppy also the hot and sour soup aint that  bad if u add enough chile paste and salt and soy sauce the gentleman named pop he is the manager great service from him and this other lady did not get her name unfortunetly  I've changed my rating 2 times that's how impressed I am	jQsNFOzDpxPmOurSWCg1vQ	4	2011-09-15	0	0
0	CnSzFGho_Ofsda3DOg0cIA	nsUHkKb3vIdwd0x7egzBUQ	Love the food but it's great at all locations. The customer service is horrible at this location. Only two tables were occupied at the time we walked in for a carry out. We walked in and they looked at us like.....really? Go away!! Someone walked up to the register and he just looked at me. I asked him if he was ready to take my order and he just kept looking at me like I was wasting his time.  No thank you, nothing. Just a hand to take my money and then a bag in my face so I would leave and get out of their faces. Really???	jQsNFOzDpxPmOurSWCg1vQ	1	2014-10-27	0	0
0	kq0emTsKE2DcDOWbe1NYRg	M6qZU16SjXoyoLrmNENhQg	We are from the Midwest and are visiting Phoenix on a vacation. We stopped in this place for some quick Asian food. What a great surprise! I had the Mongolian chicken and it was great. Very similar to PF Chang. You order at the counter and they bring the food. I wish we had one of these where I live.	jQsNFOzDpxPmOurSWCg1vQ	5	2017-03-06	0	0
0	mIGfb8yh-zSOoh0U2Y8mSQ	Wjcm9kzfQp3d2R6uqblzzg	I usually go to pei wei regularly and am usually over all satisfied.  However today did not go well . First I was unable to order online,   when I  went to pick up the food I brought  a gift card with a remaining credit on it and the remaining total written on top with a permanent marker which would have covered the entire cost of my meal. When I handed it over to the employee  she swiped the card and simply stated there is a zero balance on this card. To which I replied that can't be correct because the last time I used it the employee wrote the available balance on the top of the card for me. The cashier didn't seem to take me serious and simply asked for another method of payment. I was in a rush it was my lunch hour so  I paid out of pocket. The sauce on my food taste watered down over all a poor experience. To add insult to injury I later called the number on my gift card and they assured me that I did have a credit balance which leave's me wondering what are gift card's good for? BUYER BEWARE...	jQsNFOzDpxPmOurSWCg1vQ	1	2017-01-24	1	0
0	2ik193bx9ElgztaB0Gf9qg	onfGsGa0z59efaD6URgAEA	A really good sandwich place. It's location is a little unusual but very convenient to the surrounding airport hotels. The turkey, avocado bot was great.	_mqUzNXs_sJ1EJYgYZYszg	4	2017-05-15	0	0
0	9HGer_DiSPF3xJVXIcQM4Q	CI2hQUaR8KR8SGXvM1t0GQ	The food was definitely solid but what stood out the most for me was the friendly staff and the iced coffee they whipped up. Wish I had got their largest size. Highly recommended!	_mqUzNXs_sJ1EJYgYZYszg	5	2016-02-29	0	0
0	pwpQncGpmxgJ01r2KI67qw	CsmCJ-2V3MyTYETirfBo0Q	Great place to grab lunch. The location is a little hidden. It's in an office building. There is shaded outside seating. The food was fresh and my sandwich tasted great. My only complaint was that the potato salad had too much dill in it.	_mqUzNXs_sJ1EJYgYZYszg	4	2017-03-31	0	0
0	SuPR-q-vaOkdY1K3IbMYYw	hgovU_roMRHwRsYRdy0yYQ	What a find, right behind the Radisson, fresh cheap and delicious.  Friendly staff. Give it a try.	_mqUzNXs_sJ1EJYgYZYszg	5	2016-09-14	0	0
0	h7J6pJrLCzUu-LLpuQpxGg	40nKNzdl3ulfPRKVGDgz7g	I work in a office building right around the corner from them.  The place is small, but once you find it, you'll keep coming back.  Honest to God, the food is addictive.  My faves are the Italian Hoagie (reminds me of home back East) and the Chipotle Chicken sandwich.  And I also enjoy their flavored iced tea to go along with it.Staff is friendly too which makes the experience even better!I'm a fan!	_mqUzNXs_sJ1EJYgYZYszg	5	2013-01-28	1	0
0	GKcIOfDnPSrveGRi4BLMmA	rOC3Hs18POWCqbituKs0lg	I can't figure out why their food isn't that great. They seem to use good quality products. Been there for breakfast and lunch and its meh.	_mqUzNXs_sJ1EJYgYZYszg	3	2016-03-17	0	0
0	-AUqoiMsKwilppN1671nHQ	F4E_0pzw0uZLhuHLfLVudg	Only open for lunch spot, a nice little sandwich shop hidden behind the Radisson. I had the Grilled Fiesta Chicken Wrap and really enjoyed it. Pretty large sandwiches from what I can tell and looking forward to trying other options, as well. Being from out of town, you can tell it has its regulars and people really like this lunch place.	_mqUzNXs_sJ1EJYgYZYszg	4	2016-03-21	0	0
0	ni9ClI2mhAeAJUSaSY58jQ	97f1lNOtVnT25y_Qs1_PGA	After arriving at PHX airport we searched for a nearby lunch option and this was well reviewed.  It was a little difficult to find.  It's hidden in a larger building with very little signage.  Also the parking lot has signs about hotel guests only etc.. so that was a little unnerving.  They were closing soon when we came in, but we ordered a BLT and a southwest chicken panini.  Both were ready quickly and were very good.	_mqUzNXs_sJ1EJYgYZYszg	5	2017-01-03	0	0
0	6ai3vG2vlcQXTINdbO5H3w	Y3y1EdnVyhtTdn0asawa9g	"""I have visited The Lunch Lounge 3 times since one of their workers stopped by my office and dropped off a menu and some yummy cookies. The first time I wasn't sure what to expect so I got a Ceasar Salad hold the Ceasar please. It was okay, the chicken was good and none of the leafy greens were in bad condition. I guess I was expecting a wow factor when it came to the $6 salad I had received. they do brew Starbucks so I had decided to get one of my favorites. Hazelnut latte... only they were out of the Hazelnut Syrup. I instead got a caramel latte. Not my favorite, but it would do.My second visit I was very excited to try one of their specialty sandwiches the Deluxe Roast Beef Press (only with 9 grain instead of sourdough) ! However when I arrived they had run of or roast beef, but I was told they were expecting their shipment to arrive tomorrow. Still hungry and not wanting to wait till tomorrow to eat I decided to try the Vegetarian Delight. $8.00 later my meal was... okay. Good sized, but in the end not what I was really hoping for when I had first came.Today I went to give it one more try. I got the Sandwich """"your way"""" which I ordered Roast Beef, imported Swiss, on 9 grain with Lettuce and Spicy brown mustard. I also got a huge chocolate chip cookie and a Caramel Macchiato to wash it down. A total that came to $13.38. I arrived at my office and to my surprise my 9 grain bread turned into Sourdough - My least favorite bread... To say the least I really wanted to like this place, but I am not blow away by The Lunch Lounge. I have given them a 3 for effort. - Also to add I found out this last visit that they only have soup on Tuesday's"""	_mqUzNXs_sJ1EJYgYZYszg	3	2012-02-03	0	0
0	Zh_ochroi2vle8ZZPZ8dUw	R3gJ_j4bWlkO8QD32Di06A	Happy to have found this place! Great food, decent prices, friendly staff. This makes me a more-than-once-a-week patron! And they will even accomodate an off-menu request as long as they have the ingredients. Thanks, Fred!	_mqUzNXs_sJ1EJYgYZYszg	5	2015-06-19	0	0
0	P7Bwn2qljq8qqKoZEXbsGQ	uhxRYN8DsM2K1YWiuaTroQ	I absolutely love this place! In fact, probably my favorite sandwich spot. A hidden gem. I eat here atlas once a week. I have yet to have one bad thing.  My favorite sandwiches are the Queen of Clubs ( like the King of clubs, but with only a double decker not a triple decker) and the tuna melt. The cobb and garden of eden salad are my favorites. Their sandwiches and salads are pretty big, so go with an appetite. Its a mom and pop sandwich shop, which I love. Try it out! You will not be disappointed!	_mqUzNXs_sJ1EJYgYZYszg	5	2016-12-30	0	0
0	IoLMXv6wzfKaisN60u5iyg	b7K6FGNibHQ6TH4j7feW6w	Tucked in behind the Radisson at the corner of an office park, this is a great alternative to the food in the local hotels.I had the Cobb salad. Despite the generic iceberg lettuce it was enhanced with fresh spinach, avocado and egg and everything else was fresh. Good dressing and generous portions.As others have said come before noon or after 1 o'clock if you don't want to wait in line. Three nice tables outside with a little lawn view.	_mqUzNXs_sJ1EJYgYZYszg	4	2016-01-25	0	0
0	Rs0jSJBwEuv5SJ16m1UWhw	vsiKrkAlOXCEXiuN6SeF2w	an excellent place for lunch, the food is great the service too! always friendly, never pushy, as one guy said, i like the 'tude of the lounge lady...i call it the the lunch lizard and its off the beaten path but you wont go wrong with thier specials or anything on the menu for that matter. the outside seating is nice, i try to eat here regularly...beats any chain sammich shop!	_mqUzNXs_sJ1EJYgYZYszg	5	2013-11-27	0	0
0	mtg2AObS7ZxtjJ47WSsfig	bVF8fvEiLfs4pnVwvPJy5w	i am not a fan of turkey so when i asked the sandwich guy for his recommendation, and he suggested the albuquerque turkey, i was unsure, nevetheless i went on to try it and boy! Was i glad? The sandwich comes with   fresh cole slawish salad, bacon cooked just right crisp and retaining its flavor, generous slice of turkey and to top it off chile mayo which is really what separates  this sandwich from the other diners... .all in all a great sandwich...made to perfection. I want to come here and try other items on the menu... They all look good....hopefully on my next trip to phoenix.	_mqUzNXs_sJ1EJYgYZYszg	5	2015-07-27	0	0
1	6IrzPt91rwVgH52o8_ytNg	iCtyeCryz3FzGARhTjbEvA	Great service in a quick-bite-to-eat, make-your-own-sandwich spot. Most of the business probably wanders from those office buildings. People looked lost and in their own heads as they would methodically make their way. It is a sunny day at 74Â° but it's clear that's it's Friday at the office.Anyway back to the food-Choices for breads cheese meats veggiesChips and soda Pretty standard with more selections available tooSandwich was well prepared and tasted as expected.Note: Almost gave them four stars because the cashier is a Colts fan but we all make choices and their good service and food shouldn't suffer from his choice to root for the Colts. I joke, I joke. Also, Go Patriots. :)	_mqUzNXs_sJ1EJYgYZYszg	5	2017-02-17	1	2
0	B0ASQntm8Sy4aV1CXJi_rQ	Hk33_V_Ltk708njGR-kT9Q	Good food at a small lunch restaurant,  it is a good place to pick up lunch if in the area but it is not a destination lunch spot. More of a business man's quick stop.	_mqUzNXs_sJ1EJYgYZYszg	4	2016-11-05	0	0
0	Aw9YiasaOs9zikh1XsbI9g	nWk7otoD_ZL42bbbK4-jVg	I have been to the Lunch Lounge many times for lunch and love the chicken salad.  It is the best!  I also love the BLT's.  Today I stopped in for breakfast and had the breakfast panini sandwich and I am once again impressed.  Thank you Lunch Lounge!!!	_mqUzNXs_sJ1EJYgYZYszg	5	2014-07-17	0	0
0	SR9KgvoaxcBsSd4Gds8LnQ	kmZTkEDMApvsuRwBrbgWbA	Ordered the Southwest Chipotle Chicken Panini and it was still frozen in the middle.  FROZEN! I couldn't believe it; it took them a long time to have my order ready but still manage to not cook it all the way.  I didn't realize it was frozen until I got back to work to eat it.  By then, I didn't have time to return to have them make me a new one.This is an expensive place for just sandwiches only.  My Panini alone was over $8 after tax.  Not a good value because it doesn't even come with a drink or side.  I appreciate and support local businesses whenever possible but after this mishap, I won't be back.	_mqUzNXs_sJ1EJYgYZYszg	1	2017-04-13	0	0
0	FL9L2jIG9QT4ODYE_VdEgA	n3oI45ffNqHRriyyS8dY_Q	I eat here at least once a week all of their sandwiches and salads are always fresh and delicious and every 9 salads or sandwiches you buy you get the 10th on FREE. Goodstuff! Glad it's near my work.	_mqUzNXs_sJ1EJYgYZYszg	4	2014-04-30	0	0
0	Lqp0uX1ShEpxgq1Rou7iHg	0W5SEy35PV93rjcAj3X1bQ	Love this place.  Weekly specials are amazing.  Great, fast, and friendly service.  I'd highly recommend to anyone.	_mqUzNXs_sJ1EJYgYZYszg	5	2014-05-20	0	0
0	7i6GtPosZxmiAFtTZcuggg	vShpdW9kU92417H9HvigDA	Today I had the hot pastrami with on the side. The sandwich and the slaw: EXCELLENT!  The staff is great. I'm flying today so I also purchased a pb&j on grain bread for later.   I'm sure it will be awesome too.	_mqUzNXs_sJ1EJYgYZYszg	5	2017-02-03	0	0
0	Gq8OwMLyRRdL71NWp6VM9A	GbzOy5nb6g9apvc5sb8lhQ	Excellent little hidden spot. Great menu with fair prices. Had the Breakfast burrito with a cup of coffee. Outstanding burrito! Loads of cheese & stuffings. The menu on yelp is a little outdated but the prices are more than reasonable. Definetly give this place a try.	_mqUzNXs_sJ1EJYgYZYszg	5	2015-08-26	0	0
0	4tGyRRF7ygEnwIs4ZqLBZg	RN6EcYhy7JzlTgiu1ku_4g	Great sandwich shop near several airport hotels. They also serve salads at lunchtime, and breakfast starting at 7:00 AM. Alas, wasn't in town long enough to sample the breakfast, but lunch was fantastic. Small but very popular at lunch when I was there	_mqUzNXs_sJ1EJYgYZYszg	5	2017-04-03	0	0
0	JM18LKd3By6gL3WOFXhaMA	6WWIKC_GYHFZKKZ8-mCrSg	Had lunch here. Very close to work but only found out about it through yelp. My sandwich was delicious and the staff was super friendly.  I'll definitely be back.	_mqUzNXs_sJ1EJYgYZYszg	5	2015-04-16	2	1
0	v7omYtBpRag3wsStEwXYpg	nzIHJdGBbkLFeUCBflmzOQ	For a little sandwich shop in an office park, this place is great. Delicious, big breakfast burrito.  No problem to substitute avocado for the meat. Hot tasty coffee. friendly staff. Outdoor seating option.All for under $6.So glad I didn't have the more expensive breakfast in my corporate airport hotel.	_mqUzNXs_sJ1EJYgYZYszg	5	2015-12-08	0	0
0	7a2OVx6IJTMpUtYDLPZhwA	Xd7fDGNp6wc_8mjPs0Unvw	I stumbled upon the Lunch Lounge while staying at the Aloft last week, and was thrilled that I did. It's kind of hidden from the street behind the Radisson on 44th St, but that didn't stop me from taking the short walk over from the hotel. Cute little place with great service and good eats! They have all kinds of sandwiches and salads, and couldn't decide what I wanted since the menu looked so good. They serve Boar's Head meats, which makes for an awesome sandwich. My friends who were staying with me raved about the food and said they wanted to come here for lunch again tomorrow. Only not so great thing was that they were out of the soup of the day, which we wanted to try, but since we did come about a half hour before they closed I could live with that. Wish we had more deli-type places like this in Milwaukee! Yummmmm!	_mqUzNXs_sJ1EJYgYZYszg	4	2014-11-22	0	1
1	bCj_W-14a7SmGKyYufPzZg	18RML0hSOiL4oWSpHefNfA	What a find!  While staying at the Aloft in Phoenix for business we found this on a morning walk.   We had the breakfast burrito and a breakfast panini.  Both were excellent!  The burrito was so large we agreed that it could have fed us both.The lunch menu looked great and I would like to try some of the sandwiches.We are here for a few more days and will eat here on Monday.If you are staying at a hotel in this area be sure to give it a try for a good quick breakfast or lunch.  You won't be disappointed.	_mqUzNXs_sJ1EJYgYZYszg	5	2013-04-05	1	0
0	02Z0sSGvQRm2rgQwUmNAJQ	x3Yy3gLYyTkd98_pH_ux8w	Excellent sandwich luncheon spot!  The Albuquerque Turkey Panini is fantastic!  Green chili mayo?  Who knew?  I had to buy some to go!  Fresh vegetables and Boar's head meat. Warning if you order a cold sub sandwich the bread is a bit too much.  It's loaded with goodies but it's too much bread.	_mqUzNXs_sJ1EJYgYZYszg	4	2016-02-19	0	0
0	k-p5RfLnAPEherauN4CxUQ	gKMHY8pY2yLELjYqqa57ng	Great breakfast panini for $5. More affordable than a breakfast or brunch chain for sure. Nothing for breakfast is over $5 which makes this a spot I will recommend and more than likely come back to next trip. Iced coffee is only $1 till 11 and breakfast is served til 11.	_mqUzNXs_sJ1EJYgYZYszg	4	2016-07-07	1	0
1	cwAxa2L4T0t5Hu1zgb5YVQ	F5Hj9ozgOJ6VILZGmNeY8g	Amazing lunch.  Fresh Boars Head meats. Fresh bread (marble rye is awesome) and tr staff is great.  One of the best sandwiches in the Phoenix area.  Don't miss this place. You won't be disappointed!	_mqUzNXs_sJ1EJYgYZYszg	5	2013-09-25	0	0
0	24Azqoft4fexUdM9yQbqrg	w4xgWD2tc9llQwqHl9C9kA	Worth finding - a little awkward the first time, but I don't regret having to drive the block an extra time! The Italian sub was loaded with meat - just like back home (Boston) - salad was fresh, bread was fresh, meat was just YUMMY!! Nice surprise - we will all be back. BTW - lunch for 4 + drinks was $30.00 ... Great, clean, fresh and friendly!!	_mqUzNXs_sJ1EJYgYZYszg	5	2015-12-20	0	0
1	Ru2NSw1CzoGAsXYvDGf0Uw	GXtY_8FkuWCVfWjjBuHw9g	Food is good and location is convenient. Service is terrible - even the owner - the older woman acts like its an inconvenience to help people. We have had the opportunity to give her more business but decided against it because of the service. Don't waste your time.	_mqUzNXs_sJ1EJYgYZYszg	1	2014-03-01	1	1
0	CQ7tEwDL_5jpEJzDKKYv4Q	RH2Hzv7_erHGpDlXMvYWdw	Restaurant/Ambiance: Small cafe tucked away in a corporate office park. Has a Modern but relaxed cafe vibe inside. Has about 12 or so tables inside with 3 tables outside. Typical clients are business execs and tradespeople on lunch break. No issue getting a table or parking space. Little difficult to find though.Food: Great selection of sandwiches. Quality meats and fresh veggies. I like the southwest chicken chipotle sandwich. Also excellent salad menu. They also have a great breakfast menu but I've never been there for breakfast.Service: Fast service, able to move the lunch rush pretty well.Overall: Great little lunch cafe!	_mqUzNXs_sJ1EJYgYZYszg	4	2016-08-04	1	0
0	LGeBGv_vXRSBvIq2ypABxg	X3J4JtADK48m9DXjuWZmBA	SImple to find and great custom made food. Sandwiches, Chips and Drink. No frills but delicious.	_mqUzNXs_sJ1EJYgYZYszg	5	2014-11-20	1	0
0	tkpIV6DjjNKsbmSB2OkP_Q	N0cm6cj-c3EWx5Y2FdkZNw	First time for breakfast. Waiting for someone at sky harbor. Breakfast burrito outstanding. A meal in a tortilla. Very tasty and really inexpensive. I'll be back!!	_mqUzNXs_sJ1EJYgYZYszg	5	2016-10-27	0	0
0	xodu7YZipff5EW5QbpT0aQ	U6an2qDggnvuWWFMo6V2CA	Great little local place with tasty food.  Be diligent in finding it as it isn't obvious from the main street.  Minimal seating for eat-in so plan ahead.  Friendly staff, good prices.	_mqUzNXs_sJ1EJYgYZYszg	5	2016-03-26	0	0
0	9EBTKHoCH1sl3X0MX8txjg	fdGbPDqSpnhjj1UdVyYdhg	If you work in the area and have not been here, GO IMMEDIATELY!  I have worked across the street for 15 years and I am so thrilled to finally have good food in the area.  The Chicken Fiesta Wrap is my favorite (I CRAVE it) and the California Club is really good too (crispy bacon....yummmm). If you can get there before they run out of Tortilla Soup it is outstanding. The food is always consistent and they don't seem to cut corners. Reasonably priced for what you get and what's in the area. Fast service, wifi on site, nice staff...I seriously cannot say anything negative.  Thank you for saving our lunch dilemma in the area!	_mqUzNXs_sJ1EJYgYZYszg	5	2016-03-10	0	0
0	QT76PggHNvPtzgOJ-zns6w	CEyzTVZ2MD7mwhwxY5B6JA	I picked this spot out because of Yelp. I was looking to walk from my hotel (Aloft) and it's just down the street. Pay attentuon to the signs. It's in the back of a building that blends in with the rest.I had a Cobb salad and it was fresh and ready in about 3 minutes. Seemed like good friendly sevice. Portion was perfect and prices were reasonable.	_mqUzNXs_sJ1EJYgYZYszg	4	2016-06-08	0	0
0	QZ0vkltdo_JYmh65SoFqiA	2-g2Fhn2qAAYI0aaVPJKUg	Awesome find! Stopped in for breakfast on the run and will probably come back for lunch. The guys are super nice... Coffee is amazing!	_mqUzNXs_sJ1EJYgYZYszg	5	2015-05-21	0	0
0	sOCuf-jZo43DUzWTDKiR9w	A6vxSSNe2x2c_kdHtvF7hA	Great little sandwich shop tucked into the office plaza (Follow the sandwich board signs to find it). I had the lunch roast beef special and it was really good. The red potato salad seemed to be missing something for my palate, but over all it was really good! Meat was tender, taste was good and no overpowering sauces. Its a bit cramped in there so a togo order is a good idea, but its close to my other office so it makes for a perfect stop. Service was fast considering the crowd at lunch and the patrons and employees seemed to know one another.Its a nice place if you are in the area, stop by and have lunch!	_mqUzNXs_sJ1EJYgYZYszg	3	2015-07-31	0	0
0	aemN874BzsJo6NBEIbygfA	N75A6yCqjZk0hrthXcSbNg	It is hard to locate but just look for a small sign stating there are just hiding in the back! (: The set up is nice with an option to eat indoors/outdoors although I wouldn't recommend bringing large parties. Customer service was good and the food was delicious! I had to go with the BLT which, they did not shy away with the bacon. I wouldn't mind visiting back for lunch again.	_mqUzNXs_sJ1EJYgYZYszg	4	2017-05-14	0	0
0	ktdSILM4nVCPAzVVVQmB_w	XcARF3jBueZcmXNyfr6gNQ	I feel like this place has gotten worse over time, and it feels as every time I try to go back, they fail to meet the mark somehow. I used to frequent it when my work first moved into this area, about 4 years ago, but I think today was the draw for me. They forgot to include dressing with my $9 salad. Also, without the dressing, the chicken has a strange taste, almost questionable, which makes me wonder how it has tasted in the past...at least I got extra spinach. The initial reason I started going here less often was a noticeable decrease in their salad sizes a few years back, hence I ask for extra spinach. One good thing they have going for themselves is that the veggies they use in their salads always taste fresh, for that reason I gave them two starts instead of one. However, I expect better for the price they ask for their food. Today was my last visit and I will make sure to spread the word at work.	_mqUzNXs_sJ1EJYgYZYszg	2	2017-01-10	0	0
0	APnNt9CdoZ3n3EAIB2nMog	j6vBl6VAbNWnOszna9C2bA	Great little lunch spot!  Fresh food.  Something for everybody.  Long line at lunch though.  We had our food within 15/20 minutes from the line at the door.	_mqUzNXs_sJ1EJYgYZYszg	5	2015-11-12	0	0
0	oBQL575GZLzElgQg7wrq9Q	LIFGdvp1ftt7FSknVReeGg	Was in Phoenix for business and discovered this friendly, wonderful  haunt  near the airport.  I had the best lunch ever -  a Southwestern chicken chipotle panini.  OMG!  The guy behind the counter turned out to be the owner, and himself grew up in a family owned East coast deli.  I had several expensive meals during my trip, but nothing was as tasty as my Lunch Lounge experience!  I made sure I had time for a breakfast stop on my way back to the airport., and was again wowed with a huge breakfast burrito, great latte and a smile - all for less than my daily NYC latte and muffin.  My  client has never been to The Lunch Lounge, so next time I am in town, we have a lunch date at the best undiscovered charming cafe in Phoenix!  I can't wait to share the secret!	_mqUzNXs_sJ1EJYgYZYszg	5	2013-11-04	0	0
0	zTK1nPD2Hpa-ksSXsE-JzQ	n4z4QbIaMv9feBBja7X3Tg	Tasty and fast.  They primarily serve the corporate crowd so keep that in mind if you visit during prime lunch hours.	_mqUzNXs_sJ1EJYgYZYszg	4	2015-07-18	0	0
0	e0TeYGOQRM2PrYCAdho7lg	eizIAeDy6K9bVFqjQ_j9mg	"""I visited this restaurant because I got a groupon now deal. When I walked In and the older woman standing there took about 5 minutes to acknowledge that I was standing there at the counter waiting to be served..Finally she said """"whenever your ready.."""". I told her hi how are you, giving her a nice reminder that that is how your supposed to greet new customers in your establishment. That on its own turned me off because I hate giving my money away tobusinesses that don't appreciate me.  I don't feel like I am asking for much in exchange for coming back and supporting local businesses. As I was standing waiting for my food I overheard the employees (including my o so pleasnt serve lady) complaining about the groupons that kept coming in.. while I was standing there! Rude! The older man behind the counter making sandwiches was very nice. He is the only reason I am giving two stars. The food on the other hand was decent. Too bad I won't ever becoming back just to be treated like I am bothering them.. next time I will just eat mcdonalds breakfast like I wanted anyways."""	_mqUzNXs_sJ1EJYgYZYszg	2	2013-06-20	1	1
1	vUUWdvgtD0EPqDOzTv6iag	nN70gmUQEXvIJZedynlbwg	Tucked away in a very boring looking business park, you can sneak in for a great sandwich. Go around the corner and look for the Boar's Head sign. I had the Thanksgiving lunch special - turkey, stuffing, cranberry jam, and I held off on the cheese. Nicely toasted bread - all in all, a decent lunch!	_mqUzNXs_sJ1EJYgYZYszg	3	2012-10-21	1	2
0	69nezrTL38skxMaA9CO5VA	SpJQn8ijiLFPs9n31XSJTg	I had the Egg-Cellent Burrito. Its name is not representative of the taste. It indeed did have eggs, but not the greatest tasting. They pulled the burrito out of the microwave so I assume that's how they cook it. I'd recommend checking something else out next time.	_mqUzNXs_sJ1EJYgYZYszg	3	2017-06-26	0	0
0	_k3o_AKj-S9JD0q6AhSXdw	hpX2k1MvzRAF8naLfaUYWA	I stopped in last Friday morning and thoroughly enjoyed the breakfast burrito. The service was fast, and not only was the breakfast burrito reasonably priced, but it was also enormous.	_mqUzNXs_sJ1EJYgYZYszg	5	2014-10-21	0	0
0	YcmNpPM0ag94g4T0zAtdcg	sQYnC14kF_Hkubr6x-zPvQ	Yum! Good food and they deliver on Amazon Restaurants! I will certainly be ordering again. I was particularly happy with the carb free option for breakfast. We had a happy breakfast crowd.	_mqUzNXs_sJ1EJYgYZYszg	5	2017-03-14	0	0
0	0rFoL4NHtwN4qVNK8HhXWA	C4J79LVbr991w48PzKy9yw	Awesome meal.  Very willing to make adjustments and recommendations. Would come back here in a heartbeat.	_mqUzNXs_sJ1EJYgYZYszg	5	2015-09-30	0	1
0	U_FfJTKoLsutJf-r98H9EA	LRwvRtyuITMr8juNqBGe9Q	This place is ridiculous! Wasn't expecting much from a deli sandwiched between office buildings, but wow! This place is just across the street from where I work and everyone is blown away by the food. The staff is super friendly and the food is really fresh. The owner took my order a few weeks back and recommended the Stromboli since I always ordered the Roast Beef Press (which is fantastic!). O. M. G... the Stromboli is the best sandwich I've ever had. Inside out sub roll, pesto, ham, pepperoni, salami, cheese, and cherry peppers - toasted on a panini press. Seriously? On my day off from work, I drove 30 minutes back there to take family there for lunch. If they served dinner, I'd have to think about moving closer.	_mqUzNXs_sJ1EJYgYZYszg	5	2015-01-28	0	0
1	LZdMLoFIpW8X0QdIZOVGbQ	ETamajeJMUVK0kjqTlV8Ug	Just paid my first visit to this place and I will definitely be back.  I tried the Southwest Chipotle Chicken Panini and my co-worker had the Hot Roast Beef Press.  Both were good choices, but seeing how happy she was with her choice I have to come back to try that one next.  Plenty of off-street parking.  I only wish this place was open on weekends (although given their location I can understand why they are not).  Maybe open a second location near the business park at University and Elwood (hint, hint)?  I'm pretty sure it would be a big hit.	_mqUzNXs_sJ1EJYgYZYszg	4	2014-08-15	0	0
0	OW0PZxoGFGSOthAmN_cSUg	zFXJ1g4xkD4-WLANb_7tkQ	The Lunch Lounge is absolutely delicious and fresh! Everyone is always there with a smile on their faces serving up yummy sandwiches, wraps, and salads. I haven't had one thing on the menu that I have not enjoyed. It is the perfect mom n pop shop of a deli!	_mqUzNXs_sJ1EJYgYZYszg	5	2016-02-15	0	0
0	7aHlhpJFiAdFHVhs6OHP6w	jeONDYVsH6xxKd0K18yrlw	I got the southwest chipotle chicken panini and it was good but not great. It also cost $7.99+ tax which is too expensive for a sandwich with no sides or drinks. I would come here again if a friend wanted to eat here but i wont come back again on my own accord.	_mqUzNXs_sJ1EJYgYZYszg	3	2016-10-19	1	0
0	XQfRpQv5q0uiP95QzIynug	S22_jgLFNA8AQyGM5SusMg	Really good sandwich. I love having my lunch here. I usually buy Veggie Sandwich and I ask them to grill it. Tastes really good and affordable too.	_mqUzNXs_sJ1EJYgYZYszg	4	2016-10-04	0	0
1	_JpgkISb5Bd2MyiN614QJw	43ngKD54LnCu_BUrNWy92w	Hidden cafe with outside seating.  Don't let the name fool you...they also serve breakfast. Great prices including my 1$ coffee!	_mqUzNXs_sJ1EJYgYZYszg	5	2014-01-31	1	0
0	bBAwihLfU7N2ombsDY5A0A	ow9-GQeZy9f8PnOa4KSnng	Needed to find a quick easily accessible place for my kids and myself to eat and this place was in walking distance right behind Radisson hotel where we're staying at. Was able to find something for all of us. Pb&j's for the kids and a hot pastrami for me. Both were delicious and the staff was friendly. Quick, easy and much healthier than the fast food chains. Would of course recommended and return to the lunch lounge. Might actually get me some coffee there tomorrow morning.	_mqUzNXs_sJ1EJYgYZYszg	5	2016-02-05	0	0
0	BS7etqD8Y2_zgZdFQWMliA	LV_chTALhXSNHwkpgCybbw	This place is located in a prime spot for travelers as well as office workers. The menu is a diverse and creative mix on standard lunch box fare. Whether it is breakfast or lunch you can't go wrong with trying this place for a simple, but gourmet, breakfast sandwich or a dressed up salad for lunch. I only gave them four stars for this type of venue because I felt they were a bit understaffed when I arrived around 10am. Don't hold this against them. It was a bit of a wait for a sandwich but the quality is well worth the wait. The dill on the breakfast sandwich was a nice touch. The outdoor seating was nice on a cool morning.	_mqUzNXs_sJ1EJYgYZYszg	4	2014-03-25	2	0
